{"assets/images/BimageLeft.png":["assets/images/BimageLeft.png"],"assets/images/BimageRight.png":["assets/images/BimageRight.png"],"assets/images/BuiltgloryHomepg/aboutbanner.png":["assets/images/BuiltgloryHomepg/aboutbanner.png"],"assets/images/BuiltgloryHomepg/agentbanner.png":["assets/images/BuiltgloryHomepg/agentbanner.png"],"assets/images/BuiltgloryHomepg/buybanner.png":["assets/images/BuiltgloryHomepg/buybanner.png"],"assets/images/BuiltgloryHomepg/contactbanner.png":["assets/images/BuiltgloryHomepg/contactbanner.png"],"assets/images/BuiltgloryHomepg/exchangebanner.png":["assets/images/BuiltgloryHomepg/exchangebanner.png"],"assets/images/BuiltgloryHomepg/homebanner.png":["assets/images/BuiltgloryHomepg/homebanner.png"],"assets/images/BuiltgloryHomepg/propertylist4.png":["assets/images/BuiltgloryHomepg/propertylist4.png"],"assets/images/BuiltgloryHomepg/propertylist5.png":["assets/images/BuiltgloryHomepg/propertylist5.png"],"assets/images/BuiltgloryHomepg/salebanner.png":["assets/images/BuiltgloryHomepg/salebanner.png"],"assets/images/Buy/buybanner.png":["assets/images/Buy/buybanner.png"],"assets/images/Buy/image1.png":["assets/images/Buy/image1.png"],"assets/images/Buy/image10.jpeg":["assets/images/Buy/image10.jpeg"],"assets/images/Buy/image11.jpeg":["assets/images/Buy/image11.jpeg"],"assets/images/Buy/image12.jpeg":["assets/images/Buy/image12.jpeg"],"assets/images/Buy/image2.png":["assets/images/Buy/image2.png"],"assets/images/Buy/image3.png":["assets/images/Buy/image3.png"],"assets/images/Buy/image4.jpeg":["assets/images/Buy/image4.jpeg"],"assets/images/Buy/image5.jpeg":["assets/images/Buy/image5.jpeg"],"assets/images/Buy/image6.jpeg":["assets/images/Buy/image6.jpeg"],"assets/images/Buy/image7.png":["assets/images/Buy/image7.png"],"assets/images/Buy/image8.png":["assets/images/Buy/image8.png"],"assets/images/Buy/svg1.svg":["assets/images/Buy/svg1.svg"],"assets/images/Buy/svg2.svg":["assets/images/Buy/svg2.svg"],"assets/images/Buy/svg3.svg":["assets/images/Buy/svg3.svg"],"assets/images/Buy/svg4.svg":["assets/images/Buy/svg4.svg"],"assets/images/Buy/svg5.svg":["assets/images/Buy/svg5.svg"],"assets/images/Buy/svg6.svg":["assets/images/Buy/svg6.svg"],"assets/images/Buy/svg7.svg":["assets/images/Buy/svg7.svg"],"assets/images/Home/Exchange.png":["assets/images/Home/Exchange.png"],"assets/images/Home/buylogo.png":["assets/images/Home/buylogo.png"],"assets/images/Home/c1.png":["assets/images/Home/c1.png"],"assets/images/Home/c2.png":["assets/images/Home/c2.png"],"assets/images/Home/c3.png":["assets/images/Home/c3.png"],"assets/images/Home/c4.png":["assets/images/Home/c4.png"],"assets/images/Home/c5.png":["assets/images/Home/c5.png"],"assets/images/Home/selllogo.png":["assets/images/Home/selllogo.png"],"assets/images/aboutbanner.png":["assets/images/aboutbanner.png"],"assets/images/aboutimage1.jpeg":["assets/images/aboutimage1.jpeg"],"assets/images/aboutimage2.jpeg":["assets/images/aboutimage2.jpeg"],"assets/images/aboutimage3.jpeg":["assets/images/aboutimage3.jpeg"],"assets/images/aboutimage4.png":["assets/images/aboutimage4.png"],"assets/images/aboutimage5.jpeg":["assets/images/aboutimage5.jpeg"],"assets/images/agentbanner.png":["assets/images/agentbanner.png"],"assets/images/apartmentinfobanner.png":["assets/images/apartmentinfobanner.png"],"assets/images/commercial/c1.svg":["assets/images/commercial/c1.svg"],"assets/images/commercial/c2.svg":["assets/images/commercial/c2.svg"],"assets/images/commercial/c3.svg":["assets/images/commercial/c3.svg"],"assets/images/commercial/c4.svg":["assets/images/commercial/c4.svg"],"assets/images/commercial/c5.svg":["assets/images/commercial/c5.svg"],"assets/images/commercial/c6.svg":["assets/images/commercial/c6.svg"],"assets/images/commercial/c7.svg":["assets/images/commercial/c7.svg"],"assets/images/commercial/c8.svg":["assets/images/commercial/c8.svg"],"assets/images/commercial/c9.svg":["assets/images/commercial/c9.svg"],"assets/images/commercial/commercial1.jpg":["assets/images/commercial/commercial1.jpg"],"assets/images/commercial/commercial2.jpg":["assets/images/commercial/commercial2.jpg"],"assets/images/commercial/commercial3.jpg":["assets/images/commercial/commercial3.jpg"],"assets/images/commercial/commercialbanner.png":["assets/images/commercial/commercialbanner.png"],"assets/images/commercial/floor1.png":["assets/images/commercial/floor1.png"],"assets/images/commercial/floor2.png":["assets/images/commercial/floor2.png"],"assets/images/commercial/floor3.png":["assets/images/commercial/floor3.png"],"assets/images/contact/banner.png":["assets/images/contact/banner.png"],"assets/images/exchangebanner.png":["assets/images/exchangebanner.png"],"assets/images/floor1.png":["assets/images/floor1.png"],"assets/images/floor2.png":["assets/images/floor2.png"],"assets/images/floor3.png":["assets/images/floor3.png"],"assets/images/logo.png":["assets/images/logo.png"],"assets/images/plot/plot1.svg":["assets/images/plot/plot1.svg"],"assets/images/plot/plot2.svg":["assets/images/plot/plot2.svg"],"assets/images/plot/plot3.svg":["assets/images/plot/plot3.svg"],"assets/images/plot/plot4.svg":["assets/images/plot/plot4.svg"],"assets/images/plot/plotbanner.png":["assets/images/plot/plotbanner.png"],"assets/images/plot/plotfloor1.png":["assets/images/plot/plotfloor1.png"],"assets/images/plot/plotfloor2.png":["assets/images/plot/plotfloor2.png"],"assets/images/plot/plotfloor3.png":["assets/images/plot/plotfloor3.png"],"assets/images/search/image1.jpeg":["assets/images/search/image1.jpeg"],"assets/images/search/image2.png":["assets/images/search/image2.png"],"assets/images/search/image3.png":["assets/images/search/image3.png"],"assets/images/search/image4.png":["assets/images/search/image4.png"],"assets/images/search/image5.jpeg":["assets/images/search/image5.jpeg"],"assets/images/search/image6.png":["assets/images/search/image6.png"],"assets/images/sell/sell.png":["assets/images/sell/sell.png"],"assets/images/villa/v1.svg":["assets/images/villa/v1.svg"],"assets/images/villa/v10.svg":["assets/images/villa/v10.svg"],"assets/images/villa/v2.svg":["assets/images/villa/v2.svg"],"assets/images/villa/v3.svg":["assets/images/villa/v3.svg"],"assets/images/villa/v4.svg":["assets/images/villa/v4.svg"],"assets/images/villa/v5.svg":["assets/images/villa/v5.svg"],"assets/images/villa/v6.svg":["assets/images/villa/v6.svg"],"assets/images/villa/v7.svg":["assets/images/villa/v7.svg"],"assets/images/villa/v8.svg":["assets/images/villa/v8.svg"],"assets/images/villa/v9.svg":["assets/images/villa/v9.svg"],"assets/images/villa/vbanner1.png":["assets/images/villa/vbanner1.png"],"assets/images/villa/vbanner2.png":["assets/images/villa/vbanner2.png"],"assets/images/villa/vbanner3.png":["assets/images/villa/vbanner3.png"],"assets/images/villa/villa1.png":["assets/images/villa/villa1.png"],"assets/images/villa/villa2.png":["assets/images/villa/villa2.png"],"assets/images/villa/villa3.png":["assets/images/villa/villa3.png"],"packages/cupertino_icons/assets/CupertinoIcons.ttf":["packages/cupertino_icons/assets/CupertinoIcons.ttf"],"packages/font_awesome_flutter/lib/fonts/fa-brands-400.ttf":["packages/font_awesome_flutter/lib/fonts/fa-brands-400.ttf"],"packages/font_awesome_flutter/lib/fonts/fa-regular-400.ttf":["packages/font_awesome_flutter/lib/fonts/fa-regular-400.ttf"],"packages/font_awesome_flutter/lib/fonts/fa-solid-900.ttf":["packages/font_awesome_flutter/lib/fonts/fa-solid-900.ttf"]}